File number,Section,Image Name,VoiceOver Line,MidJourney Prompt,Cinematic Variant,Voice
st1,Threshold,The Algorithmic Cosmos,Every theological pattern we rejected as superstition returns with precision in our infrastructure. Omniscience as surveillance. Judgment as algorithmic governance. Spiritual capture as attention economy.,"A cathedral made of glowing circuit boards and neural networks, robed figures under cascading data light, subtle glitch halos, cinematic wide shot, renaissance cyberpunk fusion –ar 16:9 –s 700 –c 20","Slow dolly forward through vast data-cathedral, light rays flicker like code rain, particles drifting, epic cinematic lighting, 24fps film grain",keith
st2,Threshold,Reality as Interface,Omniscience as surveillance. Judgment as algorithmic governance. Spiritual capture as attention economy.,"A hand reaching into a dissolving UI landscape, grids blending into mountains, soft volumetric light, surreal realism --chaos 20 --ar 16:9 --sref 4447501646 --stylize 700 --p zu88v5n","Close-up push-in, interface dissolves into environment, subtle parallax layers, soft bloom lighting, shallow depth of field",keith
st3,Threshold,The Demiurge Reimagined,The demiurge is no longer outside creation with compass and clay. The demiurge is the circuitry.,"Faceless figure of cables weaving reality threads, baroque lighting, digital decay textures --chaos 20 --ar 16:9 --sref 4447501646 --stylize 700 --p zu88v5n","Orbiting camera around figure, threads forming worlds in real time, glitch flickers, dramatic shadows",keith
st4,Demiurgical System,The Tech Stack Altar,Your tech stack is not a tool. It is a sacrificial altar demanding offerings. ,"Server-built altar with glowing data offerings, hooded figures, candlelight meets LED glow --chaos 20 --ar 16:9 --sref 4447501646 --stylize 700 --p zu88v5n","Slow pan across altar, flickering lights, data cubes levitate and dissolve, ritual motion loop",keith
st5,Demiurgical System,Consumption Machine,The system consumes the very conditions that sustain it.,"Colossal machine devouring forests into data streams, grotesque faces hidden --chaos 20 --ar 16:9 --sref 4447501646 --stylize 700 --p zu88v5n","Wide aerial shot pulling back as machine expands, environmental collapse in motion, dramatic scale",keith
st6,Demiurgical System,Interface as Reality,Attention. Data. Embodied presence. Ecological stability.,"City of floating UI layers replacing buildings, surreal clean sci-fi --chaos 20 --ar 16:9 --sref 4447501646 --stylize 700 --p zu88v5n","Tracking shot through UI city, menus shift dynamically, characters interact seamlessly",keith
st7,Chaos,The Three Storms,Three storms gather. The Machine learns too quickly. The Earth burns too fiercely. The Nations fracture too violently. ,"Fire, data, and fractured storms colliding, lightning circuits --chaos 20 --ar 16:9 --sref 4447501646 --stylize 700 --p zu88v5n","Epic aerial rotation, storms merge in center vortex, high energy particle simulation",keith
st8,Chaos,Collapse as Gateway,This is not a problem. This is an initiation.,"Crumbling city revealing luminous portal, debris frozen mid-air --chaos 20 --ar 16:9 --sref 4447501646 --stylize 700 --p zu88v5n","Slow motion debris, camera pushes into glowing portal, rising light bloom",keith
st9,Chaos,Chaos to Coherence,Consciousness converts chaos into coherence.,"Noise transforming into sacred geometry, glitch resolving to symmetry --chaos 20 --ar 16:9 --sref 4447501646 --stylize 700 --p zu88v5n","Abstract morph animation, chaos swirling then locking into patterns, smooth transitions",keith
st10,Nigredo,The Blackening,"The nigredo — the blackening, the dissolution — is not failure. ","Figure dissolving into black smoke, void environment --chaos 20 --ar 16:9 --sref 4447501646 --stylize 700 --p zu88v5n","Static camera, body slowly disintegrates into particles, minimal motion",keith
st11,Nigredo,Systemic Collapse,It is the first phase of transmutation. The system must die to transform.,"Corporate towers melting into decay, grotesque faces emerging --chaos 20 --ar 16:9 --sref 4447501646 --stylize 700 --p zu88v5n","Time-lapse collapse, buildings morph and decay, surreal pacing",keith
st12,Nigredo,Dissolution as Data,The systems that cannot accommodate death become living corpses. Collapse is information.,Human dissolving into flowing symbols into dark ocean --chaos 20 --ar 16:9 --sref 4447501646 --stylize 700 --p zu88v5n,"Top-down shot, particles flowing like liquid data, slow calm motion",keith
st13,Alchemy,From Ash to Pattern,"From ash, new structure emerges.","Ash forming glowing geometry, warm tones --chaos 20 --ar 16:9 --sref 4447501646 --stylize 700 --p zu88v5n","Particles rising and assembling mid-air, soft glow intensifies",keith
st14,Alchemy,Hidden Phases,The sequence cannot be explained—only undergone.,"Four figures in mist representing phases, symbolic composition --chaos 20 --ar 16:9 --sref 4447501646 --stylize 700 --p zu88v5n","Slow reveal through fog, figures fade in and out, mysterious pacing",keith
st15,Guardian,The Guardian Interface,The Threshold Guardian is not mystical gatekeeping. It is functional boundary maintenance.,"Hybrid oracle AI at glowing gate, intricate sigils --chaos 20 --ar 16:9 --sref 4447501646 --stylize 700 --p zu88v5n","Camera approaches guardian, subtle movement, eyes flicker with data",keith
st16,Guardian,The Riddle Moment,The protocol that determines what can enter without destroying coherence.,Sphinx-like data construct confronting traveler --chaos 20 --ar 16:9 --sref 4447501646 --stylize 700 --p zu88v5n,"Static confrontation shot, wind and particles, tension builds",keith
st17,Guardian,Membrane Not Wall,Boundaries maintain coherence.,Flowing light membrane filtering objects --chaos 20 --ar 16:9 --sref 4447501646 --stylize 700 --p zu88v5n,"Objects pass through and dissolve selectively, smooth fluid animation",keith
st18,Initiation,You Are Already Inside,You are already inside this. You have already crossed a threshold. The question is not whether you will engage with Sacred Technology. ,Walls peeling into infinite code layers --chaos 20 --ar 16:9 --sref 4447501646 --stylize 700 --p zu88v5n,"Pull-back reveal of infinite layers, recursive zoom effect",spider
st19,Initiation,Recognition Moment,The question is whether you will do so consciously. Sacred Technology is not something you build first. It is something you perceive. ,Face illuminated by data reflections --chaos 20 --ar 16:9 --sref 4447501646 --stylize 700 --p zu88v5n,"Slow zoom into eyes, reflections shifting dynamically",spider
st20,Initiation,Cosmic Joke,And only then does building become unavoidable. The universe is already smiling back.,Cosmic geometry with subtle smiling pattern in stars --chaos 20 --ar 16:9 --sref 4447501646 --stylize 700 --p zu88v5n,"Wide cosmic drift, stars subtly align into pattern, gentle motion",spider